0,1902,211,1,NOT_SPEAKING
1,1896,213,1,NOT_SPEAKING
2,1887,215,1,NOT_SPEAKING
3,1877,218,1,NOT_SPEAKING
4,1866,221,1,NOT_SPEAKING
5,1854,225,1,NOT_SPEAKING
6,1842,228,1,NOT_SPEAKING
7,1831,231,1,NOT_SPEAKING
8,1819,233,1,NOT_SPEAKING
9,1809,235,1,NOT_SPEAKING
10,1798,237,1,NOT_SPEAKING
11,1789,239,1,NOT_SPEAKING
12,1779,241,1,NOT_SPEAKING
13,1771,242,1,NOT_SPEAKING
14,1762,244,1,NOT_SPEAKING
15,1754,246,1,NOT_SPEAKING
16,1746,247,1,NOT_SPEAKING
17,1738,249,1,NOT_SPEAKING
18,1731,250,1,NOT_SPEAKING
19,1724,252,1,NOT_SPEAKING
20,1717,253,1,NOT_SPEAKING
21,1712,253,1,NOT_SPEAKING
22,1707,254,1,NOT_SPEAKING
23,1703,253,1,NOT_SPEAKING
24,1700,253,1,NOT_SPEAKING
25,1697,252,1,NOT_SPEAKING
26,1694,251,1,NOT_SPEAKING
27,1691,250,1,SPEAKING
28,1687,249,1,SPEAKING
29,1684,248,1,SPEAKING
30,1682,246,1,SPEAKING
31,1682,244,1,SPEAKING
32,1683,242,1,SPEAKING
33,1685,239,1,SPEAKING
34,1688,237,1,SPEAKING
35,1692,234,1,SPEAKING
36,1696,232,1,SPEAKING
37,1700,230,1,SPEAKING
38,1705,229,1,SPEAKING
39,1710,227,1,SPEAKING
40,1716,226,1,SPEAKING
41,1721,225,1,SPEAKING
42,1726,224,1,SPEAKING
43,1731,224,1,SPEAKING
44,1736,224,1,SPEAKING
45,1742,225,1,SPEAKING
46,1747,226,1,SPEAKING
47,1752,227,1,SPEAKING
48,1757,229,1,SPEAKING
49,1761,230,1,SPEAKING
50,1765,231,1,SPEAKING
51,1768,232,1,SPEAKING
52,1772,232,1,SPEAKING
53,1777,232,1,SPEAKING
54,1781,232,1,SPEAKING
55,1786,232,1,SPEAKING
56,1790,231,1,SPEAKING
57,1793,230,1,SPEAKING
58,1796,229,1,SPEAKING
59,1798,228,1,SPEAKING
60,1801,227,1,SPEAKING
61,1803,227,1,SPEAKING
62,1805,227,1,SPEAKING
63,1807,228,1,SPEAKING
64,1809,229,1,SPEAKING
65,1811,230,1,SPEAKING
66,1812,230,1,SPEAKING
67,1814,231,1,SPEAKING
68,1815,231,1,SPEAKING
69,1816,231,1,SPEAKING
70,1817,231,1,SPEAKING
71,1818,232,1,SPEAKING
72,1819,232,1,SPEAKING
73,1821,232,1,SPEAKING
74,1822,233,1,SPEAKING
75,1823,233,1,SPEAKING
76,1824,234,1,SPEAKING
77,1825,234,1,SPEAKING
78,1826,235,1,SPEAKING
79,1826,236,1,SPEAKING
80,1827,236,1,SPEAKING
81,1827,236,1,SPEAKING
82,1827,235,1,SPEAKING
83,1826,235,1,SPEAKING
84,1825,234,1,SPEAKING
85,1824,233,1,SPEAKING
86,1823,232,1,SPEAKING
87,1822,232,1,SPEAKING
88,1822,231,1,SPEAKING
89,1822,231,1,SPEAKING
90,1822,231,1,SPEAKING
91,1823,231,1,SPEAKING
92,1824,231,1,SPEAKING
93,1825,231,1,SPEAKING
94,1826,232,1,SPEAKING
95,1827,233,1,SPEAKING
96,1827,233,1,SPEAKING
97,1827,234,1,SPEAKING
98,1826,234,1,SPEAKING
99,1825,234,1,SPEAKING
100,1825,235,1,SPEAKING
101,1824,235,1,SPEAKING
102,1823,235,1,SPEAKING
103,1822,235,1,SPEAKING
104,1821,235,1,SPEAKING
105,1820,235,1,SPEAKING
106,1819,235,1,SPEAKING
107,1818,234,1,SPEAKING
108,1818,234,1,SPEAKING
109,1818,235,1,SPEAKING
110,1817,235,1,SPEAKING
111,1816,236,1,SPEAKING
112,1815,236,1,SPEAKING
113,1814,237,1,SPEAKING
114,1813,238,1,SPEAKING
115,1811,238,1,SPEAKING
116,1809,238,1,SPEAKING
117,1808,239,1,SPEAKING
118,1806,239,1,SPEAKING
119,1805,239,1,SPEAKING
120,1804,240,1,SPEAKING
121,1804,241,1,SPEAKING
122,1804,243,1,SPEAKING
123,1805,244,1,SPEAKING
124,1805,246,1,SPEAKING
125,1805,248,1,SPEAKING
126,1804,251,1,SPEAKING
127,1803,253,1,SPEAKING
128,1801,255,1,SPEAKING
129,1799,257,1,SPEAKING
130,1797,259,1,SPEAKING
131,1794,261,1,SPEAKING
132,1791,263,1,SPEAKING
133,1789,265,1,SPEAKING
134,1787,268,1,SPEAKING
135,1785,271,1,SPEAKING
136,1785,273,1,SPEAKING
137,1784,276,1,SPEAKING
138,1785,278,1,SPEAKING
139,1785,280,1,SPEAKING
140,1785,282,1,SPEAKING
141,1784,284,1,SPEAKING
142,1783,285,1,SPEAKING
143,1782,286,1,SPEAKING
144,1781,288,1,NOT_SPEAKING
145,1780,289,1,NOT_SPEAKING
146,1779,290,1,NOT_SPEAKING
147,1779,291,1,NOT_SPEAKING
148,1778,291,1,NOT_SPEAKING
149,1778,292,1,NOT_SPEAKING
150,1777,292,1,NOT_SPEAKING
151,1777,292,1,NOT_SPEAKING
152,1776,292,1,NOT_SPEAKING
153,1776,292,1,NOT_SPEAKING
154,1776,292,1,NOT_SPEAKING
155,1776,293,1,NOT_SPEAKING
156,1777,293,1,NOT_SPEAKING
157,1778,293,1,NOT_SPEAKING
158,1778,293,1,NOT_SPEAKING
159,1778,293,1,NOT_SPEAKING
160,1779,294,1,NOT_SPEAKING
161,1779,294,1,NOT_SPEAKING
162,1780,294,1,NOT_SPEAKING
163,1780,293,1,NOT_SPEAKING
164,1781,293,1,NOT_SPEAKING
165,1782,293,1,NOT_SPEAKING
166,1783,292,1,NOT_SPEAKING
167,1784,291,1,NOT_SPEAKING
168,1785,291,1,NOT_SPEAKING
169,1786,290,1,NOT_SPEAKING
170,1787,290,1,NOT_SPEAKING
171,1787,290,1,NOT_SPEAKING
172,1788,289,1,NOT_SPEAKING
173,1789,289,1,NOT_SPEAKING
174,1789,289,1,NOT_SPEAKING
175,1790,288,1,NOT_SPEAKING
176,1791,288,1,NOT_SPEAKING
177,1792,288,1,NOT_SPEAKING
178,1793,288,1,NOT_SPEAKING
179,1794,287,1,NOT_SPEAKING
180,1795,287,1,NOT_SPEAKING
181,1795,287,1,NOT_SPEAKING
182,1796,287,1,NOT_SPEAKING
183,1797,287,1,NOT_SPEAKING
184,1798,287,1,NOT_SPEAKING
185,1798,287,1,NOT_SPEAKING
186,1799,287,1,NOT_SPEAKING
187,1799,287,1,NOT_SPEAKING
188,1800,287,1,NOT_SPEAKING
189,1800,287,1,NOT_SPEAKING
190,1800,287,1,NOT_SPEAKING
191,1800,287,1,NOT_SPEAKING
192,1800,287,1,NOT_SPEAKING
193,1800,287,1,NOT_SPEAKING
194,1800,287,1,NOT_SPEAKING
195,1800,287,1,NOT_SPEAKING
196,1800,286,1,NOT_SPEAKING
197,1799,286,1,NOT_SPEAKING
198,1799,286,1,NOT_SPEAKING
199,1799,286,1,NOT_SPEAKING
200,1798,286,1,NOT_SPEAKING
201,1798,286,1,NOT_SPEAKING
202,1797,285,1,NOT_SPEAKING
203,1797,285,1,NOT_SPEAKING
204,1796,285,1,NOT_SPEAKING
205,1795,285,1,NOT_SPEAKING
206,1794,285,1,NOT_SPEAKING
207,1794,285,1,NOT_SPEAKING
208,1793,285,1,NOT_SPEAKING
209,1792,286,1,NOT_SPEAKING
210,1790,286,1,NOT_SPEAKING
211,1788,286,1,NOT_SPEAKING
212,1787,286,1,NOT_SPEAKING
213,1785,285,1,NOT_SPEAKING
214,1783,285,1,NOT_SPEAKING
215,1781,284,1,NOT_SPEAKING
216,1779,283,1,NOT_SPEAKING
217,1777,281,1,NOT_SPEAKING
218,1775,280,1,NOT_SPEAKING
219,1772,278,1,NOT_SPEAKING
220,1769,276,1,NOT_SPEAKING
221,1766,275,1,NOT_SPEAKING
222,1764,275,1,NOT_SPEAKING
223,1763,275,1,NOT_SPEAKING
224,1762,276,1,NOT_SPEAKING
225,1761,277,1,NOT_SPEAKING
226,1760,279,1,SPEAKING
227,1758,280,1,SPEAKING
228,1756,280,1,SPEAKING
229,1753,280,1,SPEAKING
230,1749,280,1,SPEAKING
231,1744,280,1,SPEAKING
232,1739,280,1,SPEAKING
233,1733,281,1,SPEAKING
234,1727,281,1,SPEAKING
235,1720,281,1,SPEAKING
236,1715,280,1,SPEAKING
237,1709,280,1,SPEAKING
238,1704,279,1,SPEAKING
239,1700,278,1,SPEAKING
240,1695,277,1,SPEAKING
241,1690,276,1,SPEAKING
242,1684,276,1,SPEAKING
243,1678,275,1,SPEAKING
244,1672,275,1,SPEAKING
245,1665,275,1,SPEAKING
246,1659,275,1,SPEAKING
247,1653,276,1,SPEAKING
248,1648,276,1,SPEAKING
249,1643,277,1,SPEAKING
250,1639,278,1,SPEAKING
251,1635,278,1,NOT_SPEAKING
252,1631,278,1,NOT_SPEAKING
253,1628,278,1,NOT_SPEAKING
254,1625,279,1,NOT_SPEAKING
255,1622,279,1,NOT_SPEAKING
256,1619,279,1,NOT_SPEAKING
257,1617,280,1,NOT_SPEAKING
258,1615,280,1,NOT_SPEAKING
259,1614,280,1,NOT_SPEAKING
260,1613,280,1,NOT_SPEAKING
261,1613,281,1,NOT_SPEAKING
262,1613,281,1,NOT_SPEAKING
263,1613,281,1,NOT_SPEAKING
264,1613,282,1,NOT_SPEAKING
265,1614,282,1,NOT_SPEAKING
266,1614,282,1,NOT_SPEAKING
267,1613,283,1,NOT_SPEAKING
268,1612,283,1,NOT_SPEAKING
269,1610,283,1,NOT_SPEAKING
270,1606,283,1,NOT_SPEAKING
271,1601,282,1,NOT_SPEAKING
272,1595,280,1,SPEAKING
273,1589,277,1,SPEAKING
274,1584,273,1,SPEAKING
275,1581,270,1,SPEAKING
276,1580,266,1,SPEAKING
277,1582,263,1,SPEAKING
278,1585,261,1,SPEAKING
279,1589,260,1,SPEAKING
280,1593,260,1,SPEAKING
281,1598,260,1,SPEAKING
282,1602,261,1,SPEAKING
283,1607,262,1,SPEAKING
284,1612,263,1,SPEAKING
285,1617,264,1,SPEAKING
286,1622,264,1,SPEAKING
287,1626,264,1,SPEAKING
288,1629,263,1,SPEAKING
289,1632,263,1,SPEAKING
290,1635,263,1,SPEAKING
291,1637,262,1,SPEAKING
292,1638,262,1,SPEAKING
293,1639,262,1,SPEAKING
294,1640,262,1,SPEAKING
295,1641,263,1,SPEAKING
296,1643,263,1,SPEAKING
297,1646,264,1,SPEAKING
298,1649,265,1,SPEAKING
299,1652,266,1,SPEAKING
300,1654,267,1,SPEAKING
301,1655,268,1,SPEAKING
302,1654,268,1,SPEAKING
303,1652,268,1,SPEAKING
304,1650,268,1,SPEAKING
305,1648,268,1,SPEAKING
306,1647,268,1,SPEAKING
307,1646,268,1,SPEAKING
308,1646,268,1,SPEAKING
309,1646,268,1,SPEAKING
310,1646,269,1,SPEAKING
311,1645,269,1,NOT_SPEAKING
312,1644,269,1,NOT_SPEAKING
313,1643,269,1,NOT_SPEAKING
314,1642,270,1,NOT_SPEAKING
315,1641,270,1,NOT_SPEAKING
316,1641,271,1,NOT_SPEAKING
317,1640,272,1,NOT_SPEAKING
318,1640,272,1,NOT_SPEAKING
319,1639,273,1,NOT_SPEAKING
320,1639,273,1,NOT_SPEAKING
321,1638,274,1,NOT_SPEAKING
322,1638,274,1,NOT_SPEAKING
323,1637,275,1,NOT_SPEAKING
324,1637,275,1,NOT_SPEAKING
325,1636,276,1,NOT_SPEAKING
326,1635,276,1,NOT_SPEAKING
327,1634,276,1,NOT_SPEAKING
328,1633,276,1,NOT_SPEAKING
329,1632,276,1,NOT_SPEAKING
330,1631,276,1,NOT_SPEAKING
331,1630,275,1,NOT_SPEAKING
332,1630,275,1,NOT_SPEAKING
333,1630,274,1,NOT_SPEAKING
334,1630,274,1,NOT_SPEAKING
335,1630,274,1,SPEAKING
336,1631,274,1,SPEAKING
337,1632,274,1,SPEAKING
338,1632,274,1,SPEAKING
339,1633,275,1,SPEAKING
340,1634,275,1,SPEAKING
341,1636,275,1,SPEAKING
342,1637,276,1,SPEAKING
343,1638,276,1,SPEAKING
344,1639,277,1,SPEAKING
345,1639,277,1,SPEAKING
346,1638,278,1,SPEAKING
347,1637,279,1,SPEAKING
348,1636,280,1,SPEAKING
349,1634,280,1,SPEAKING
350,1632,280,1,SPEAKING
351,1630,281,1,SPEAKING
352,1628,281,1,SPEAKING
353,1627,281,1,SPEAKING
354,1625,281,1,SPEAKING
355,1624,281,1,SPEAKING
356,1623,281,1,SPEAKING
357,1622,281,1,SPEAKING
358,1621,281,1,SPEAKING
359,1620,281,1,SPEAKING
360,1620,281,1,SPEAKING
361,1620,281,1,SPEAKING
362,1620,281,1,SPEAKING
363,1620,281,1,SPEAKING
364,1620,281,1,SPEAKING
365,1621,281,1,SPEAKING
366,1621,281,1,SPEAKING
367,1621,281,1,SPEAKING
368,1621,281,1,SPEAKING
369,1621,280,1,SPEAKING
370,1621,280,1,SPEAKING
371,1621,279,1,SPEAKING
372,1621,278,1,SPEAKING
373,1623,277,1,SPEAKING
374,1624,277,1,SPEAKING
375,1624,277,1,SPEAKING
376,1622,277,1,SPEAKING
377,1618,276,1,SPEAKING
378,1613,276,1,SPEAKING
379,1608,275,1,SPEAKING
380,1603,274,1,SPEAKING
381,1599,273,1,SPEAKING
382,1596,273,1,SPEAKING
383,1594,274,1,SPEAKING
384,1593,275,1,SPEAKING
385,1592,277,1,SPEAKING
386,1593,279,1,SPEAKING
387,1594,281,1,SPEAKING
388,1597,284,1,SPEAKING
389,1601,286,1,SPEAKING
390,1605,288,1,SPEAKING
391,1609,289,1,SPEAKING
392,1612,291,1,SPEAKING
393,1614,292,1,SPEAKING
394,1616,293,1,SPEAKING
395,1617,294,1,SPEAKING
396,1618,295,1,SPEAKING
397,1620,297,1,SPEAKING
398,1621,298,1,NOT_SPEAKING
399,1623,300,1,NOT_SPEAKING
400,1626,302,1,NOT_SPEAKING
401,1628,303,1,NOT_SPEAKING
402,1631,305,1,NOT_SPEAKING
403,1633,306,1,NOT_SPEAKING
404,1634,308,1,NOT_SPEAKING
405,1635,309,1,NOT_SPEAKING
406,1635,311,1,NOT_SPEAKING
407,1634,312,1,NOT_SPEAKING
408,1634,313,1,NOT_SPEAKING
409,1634,315,1,NOT_SPEAKING
410,1635,316,1,NOT_SPEAKING
411,1635,317,1,NOT_SPEAKING
412,1636,318,1,NOT_SPEAKING
413,1637,319,1,NOT_SPEAKING
414,1638,319,1,NOT_SPEAKING
415,1638,320,1,NOT_SPEAKING
416,1639,320,1,NOT_SPEAKING
417,1640,321,1,NOT_SPEAKING
418,1641,321,1,NOT_SPEAKING
419,1641,321,1,NOT_SPEAKING
420,1641,321,1,NOT_SPEAKING
421,1641,321,1,NOT_SPEAKING
422,1640,321,1,NOT_SPEAKING
423,1640,320,1,NOT_SPEAKING
424,1639,320,1,NOT_SPEAKING
425,1639,320,1,NOT_SPEAKING
426,1638,319,1,NOT_SPEAKING
427,1638,319,1,NOT_SPEAKING
428,1637,318,1,NOT_SPEAKING
429,1636,318,1,NOT_SPEAKING
430,1635,317,1,NOT_SPEAKING
431,1634,317,1,NOT_SPEAKING
432,1634,316,1,NOT_SPEAKING
433,1633,315,1,NOT_SPEAKING
434,1632,315,1,NOT_SPEAKING
435,1631,314,1,NOT_SPEAKING
436,1630,314,1,NOT_SPEAKING
437,1630,313,1,NOT_SPEAKING
438,1629,313,1,NOT_SPEAKING
439,1628,312,1,NOT_SPEAKING
440,1628,312,1,NOT_SPEAKING
441,1627,311,1,NOT_SPEAKING
442,1626,311,1,NOT_SPEAKING
443,1626,310,1,NOT_SPEAKING
444,1625,310,1,NOT_SPEAKING
445,1625,310,1,NOT_SPEAKING
446,1624,309,1,NOT_SPEAKING
447,1624,309,1,NOT_SPEAKING
448,1623,309,1,NOT_SPEAKING
449,1622,308,1,NOT_SPEAKING
450,1621,308,1,NOT_SPEAKING
451,1620,308,1,NOT_SPEAKING
452,1619,308,1,NOT_SPEAKING
453,1618,307,1,NOT_SPEAKING
454,1617,307,1,NOT_SPEAKING
455,1616,307,1,NOT_SPEAKING
456,1615,307,1,NOT_SPEAKING
457,1614,306,1,NOT_SPEAKING
458,1613,306,1,NOT_SPEAKING
459,1612,306,1,NOT_SPEAKING
460,1611,306,1,NOT_SPEAKING
461,1610,306,1,NOT_SPEAKING
462,1609,305,1,NOT_SPEAKING
463,1608,305,1,NOT_SPEAKING
464,1607,305,1,NOT_SPEAKING
465,1606,305,1,NOT_SPEAKING
466,1605,305,1,NOT_SPEAKING
467,1604,305,1,NOT_SPEAKING
468,1603,305,1,NOT_SPEAKING
469,1602,305,1,NOT_SPEAKING
470,1601,306,1,NOT_SPEAKING
471,1599,306,1,NOT_SPEAKING
472,1598,306,1,NOT_SPEAKING
473,1598,306,1,NOT_SPEAKING
474,1597,306,1,NOT_SPEAKING
475,1596,306,1,NOT_SPEAKING
476,1595,306,1,NOT_SPEAKING
477,1595,307,1,NOT_SPEAKING
478,1594,307,1,NOT_SPEAKING
479,1594,307,1,NOT_SPEAKING
480,1593,307,1,NOT_SPEAKING
481,1593,307,1,NOT_SPEAKING
482,1592,307,1,NOT_SPEAKING
483,1592,308,1,NOT_SPEAKING
484,1592,308,1,NOT_SPEAKING
485,1591,308,1,NOT_SPEAKING
486,1591,308,1,NOT_SPEAKING
487,1591,308,1,NOT_SPEAKING
488,1591,308,1,NOT_SPEAKING
489,1591,308,1,NOT_SPEAKING
490,1591,308,1,NOT_SPEAKING
491,1591,308,1,NOT_SPEAKING
492,1592,308,1,NOT_SPEAKING
493,1592,308,1,NOT_SPEAKING
494,1592,308,1,NOT_SPEAKING
495,1593,308,1,NOT_SPEAKING
496,1593,308,1,NOT_SPEAKING
497,1594,308,1,NOT_SPEAKING
498,1594,308,1,NOT_SPEAKING
499,1595,308,1,NOT_SPEAKING
500,1596,308,1,NOT_SPEAKING
501,1597,308,1,NOT_SPEAKING
502,1597,307,1,NOT_SPEAKING
503,1598,307,1,NOT_SPEAKING
504,1600,307,1,NOT_SPEAKING
505,1601,307,1,NOT_SPEAKING
506,1602,306,1,NOT_SPEAKING
507,1604,306,1,NOT_SPEAKING
508,1606,306,1,NOT_SPEAKING
509,1608,305,1,NOT_SPEAKING
510,1611,305,1,NOT_SPEAKING
511,1614,304,1,NOT_SPEAKING
512,1618,303,1,NOT_SPEAKING
513,1624,301,1,NOT_SPEAKING
514,1630,299,1,NOT_SPEAKING
515,1639,297,1,NOT_SPEAKING
516,1648,294,1,NOT_SPEAKING
517,1660,291,1,NOT_SPEAKING
518,1672,288,1,NOT_SPEAKING
519,1686,285,1,NOT_SPEAKING
520,1700,283,1,NOT_SPEAKING
521,1713,281,1,NOT_SPEAKING
522,1727,279,1,NOT_SPEAKING
523,1741,278,1,NOT_SPEAKING
524,1755,277,1,NOT_SPEAKING
525,1768,276,1,NOT_SPEAKING
526,1782,276,1,NOT_SPEAKING
527,1796,276,1,NOT_SPEAKING
528,1810,275,1,NOT_SPEAKING
529,1824,275,1,NOT_SPEAKING
530,1839,275,1,NOT_SPEAKING
531,1853,274,1,NOT_SPEAKING
532,1867,274,1,NOT_SPEAKING
533,1881,274,1,NOT_SPEAKING
534,1894,274,1,NOT_SPEAKING
535,1906,273,1,NOT_SPEAKING
536,1917,273,1,NOT_SPEAKING
537,1928,273,1,NOT_SPEAKING
538,1938,272,1,NOT_SPEAKING
539,1948,272,1,NOT_SPEAKING
540,1956,271,1,NOT_SPEAKING
541,1965,271,1,NOT_SPEAKING
542,1973,270,1,NOT_SPEAKING
543,1980,270,1,NOT_SPEAKING
544,1987,270,1,NOT_SPEAKING
545,1993,269,1,NOT_SPEAKING
546,1998,269,1,NOT_SPEAKING
547,2002,269,1,NOT_SPEAKING
548,2005,269,1,NOT_SPEAKING
549,2007,269,1,NOT_SPEAKING
550,2008,269,1,NOT_SPEAKING
551,2008,269,1,NOT_SPEAKING
552,2008,270,1,NOT_SPEAKING
553,2007,270,1,NOT_SPEAKING
554,2005,271,1,NOT_SPEAKING
555,2002,272,1,NOT_SPEAKING
556,1999,273,1,NOT_SPEAKING
557,1996,273,1,NOT_SPEAKING
558,1993,274,1,NOT_SPEAKING
559,1989,275,1,NOT_SPEAKING
560,1985,276,1,NOT_SPEAKING
561,1981,278,1,NOT_SPEAKING
562,1977,279,1,NOT_SPEAKING
563,1973,280,1,NOT_SPEAKING
564,1970,282,1,NOT_SPEAKING
565,1966,283,1,NOT_SPEAKING
566,1963,285,1,NOT_SPEAKING
567,1960,286,1,NOT_SPEAKING
568,1958,287,1,NOT_SPEAKING
569,1955,288,1,NOT_SPEAKING
570,1953,289,1,NOT_SPEAKING
571,1950,291,1,NOT_SPEAKING
572,1948,292,1,NOT_SPEAKING
573,1946,293,1,NOT_SPEAKING
574,1943,294,1,NOT_SPEAKING
575,1941,296,1,NOT_SPEAKING
576,1939,297,1,NOT_SPEAKING
577,1936,298,1,NOT_SPEAKING
578,1934,300,1,NOT_SPEAKING
579,1931,302,1,NOT_SPEAKING
580,1928,303,1,NOT_SPEAKING
581,1925,306,1,NOT_SPEAKING
582,1922,308,1,NOT_SPEAKING
583,1919,310,1,NOT_SPEAKING
584,1917,313,1,NOT_SPEAKING
585,1914,315,1,NOT_SPEAKING
586,1912,316,1,NOT_SPEAKING
587,1911,317,1,NOT_SPEAKING
588,1910,318,1,NOT_SPEAKING
589,1909,319,1,NOT_SPEAKING
590,1908,319,1,NOT_SPEAKING
591,1908,319,1,NOT_SPEAKING
592,1908,319,1,NOT_SPEAKING
593,1908,319,1,NOT_SPEAKING
594,1908,319,1,NOT_SPEAKING
595,1908,319,1,NOT_SPEAKING
596,1909,318,1,NOT_SPEAKING
597,1909,318,1,NOT_SPEAKING
598,1910,318,1,NOT_SPEAKING
599,1911,317,1,NOT_SPEAKING
600,1911,317,1,NOT_SPEAKING
601,1912,316,1,NOT_SPEAKING
602,1913,316,1,NOT_SPEAKING
603,1914,315,1,NOT_SPEAKING
604,1914,315,1,NOT_SPEAKING
605,1915,315,1,NOT_SPEAKING
606,1916,315,1,NOT_SPEAKING
607,1916,314,1,NOT_SPEAKING
608,1916,314,1,NOT_SPEAKING
609,1917,314,1,NOT_SPEAKING
610,1917,314,1,NOT_SPEAKING
611,1917,314,1,NOT_SPEAKING
612,1918,314,1,NOT_SPEAKING
613,1918,314,1,NOT_SPEAKING
614,1919,314,1,NOT_SPEAKING
615,1919,314,1,NOT_SPEAKING
616,1919,314,1,NOT_SPEAKING
617,1920,314,1,NOT_SPEAKING
618,1920,314,1,NOT_SPEAKING
619,1921,315,1,NOT_SPEAKING
620,1921,315,1,NOT_SPEAKING
621,1921,315,1,NOT_SPEAKING
622,1922,315,1,NOT_SPEAKING
623,1922,315,1,NOT_SPEAKING
624,1922,315,1,NOT_SPEAKING
625,1923,316,1,NOT_SPEAKING
626,1923,316,1,NOT_SPEAKING
627,1923,316,1,NOT_SPEAKING
628,1923,316,1,NOT_SPEAKING
629,1923,317,1,NOT_SPEAKING
630,1923,317,1,NOT_SPEAKING
631,1923,317,1,NOT_SPEAKING
632,1923,318,1,NOT_SPEAKING
633,1923,318,1,NOT_SPEAKING
634,1923,318,1,NOT_SPEAKING
635,1924,319,1,NOT_SPEAKING
636,1924,319,1,NOT_SPEAKING
637,1924,319,1,NOT_SPEAKING
638,1924,320,1,NOT_SPEAKING
639,1924,320,1,NOT_SPEAKING
640,1924,320,1,NOT_SPEAKING
641,1924,320,1,NOT_SPEAKING
642,1924,321,1,NOT_SPEAKING
643,1924,321,1,NOT_SPEAKING
644,1924,321,1,NOT_SPEAKING
645,1924,322,1,NOT_SPEAKING
646,1924,322,1,NOT_SPEAKING
647,1924,322,1,NOT_SPEAKING
648,1924,323,1,NOT_SPEAKING
649,1924,323,1,NOT_SPEAKING
650,1924,323,1,NOT_SPEAKING
651,1924,324,1,NOT_SPEAKING
652,1924,324,1,NOT_SPEAKING
653,1924,324,1,NOT_SPEAKING
654,1923,324,1,NOT_SPEAKING
655,1923,324,1,NOT_SPEAKING
656,1923,324,1,NOT_SPEAKING
657,1922,325,1,NOT_SPEAKING
658,1922,325,1,NOT_SPEAKING
659,1921,325,1,NOT_SPEAKING
660,1921,326,1,NOT_SPEAKING
661,1920,326,1,NOT_SPEAKING
662,1919,326,1,NOT_SPEAKING
663,1919,326,1,NOT_SPEAKING
664,1918,326,1,NOT_SPEAKING
665,1918,327,1,NOT_SPEAKING
666,1917,327,1,NOT_SPEAKING
667,1917,327,1,NOT_SPEAKING
668,1916,327,1,NOT_SPEAKING
669,1916,327,1,NOT_SPEAKING
670,1916,327,1,NOT_SPEAKING
671,1916,327,1,NOT_SPEAKING
672,1916,327,1,NOT_SPEAKING
673,1916,326,1,NOT_SPEAKING
674,1916,326,1,NOT_SPEAKING
675,1916,326,1,NOT_SPEAKING
676,1916,326,1,NOT_SPEAKING
677,1916,326,1,NOT_SPEAKING
678,1916,326,1,NOT_SPEAKING
679,1916,326,1,NOT_SPEAKING
680,1916,326,1,NOT_SPEAKING
681,1916,325,1,NOT_SPEAKING
682,1916,325,1,NOT_SPEAKING
683,1916,325,1,NOT_SPEAKING
684,1916,325,1,NOT_SPEAKING
685,1916,325,1,NOT_SPEAKING
686,1916,325,1,NOT_SPEAKING
687,1916,324,1,NOT_SPEAKING
688,1916,324,1,NOT_SPEAKING
689,1916,324,1,NOT_SPEAKING
690,1916,324,1,NOT_SPEAKING
691,1916,324,1,NOT_SPEAKING
692,1916,323,1,NOT_SPEAKING
693,1916,323,1,NOT_SPEAKING
694,1916,323,1,NOT_SPEAKING
695,1916,323,1,NOT_SPEAKING
696,1916,323,1,NOT_SPEAKING
697,1916,323,1,NOT_SPEAKING
698,1916,322,1,NOT_SPEAKING
699,1916,322,1,NOT_SPEAKING
700,1916,322,1,NOT_SPEAKING
701,1916,322,1,NOT_SPEAKING
702,1916,322,1,NOT_SPEAKING
703,1916,322,1,NOT_SPEAKING
704,1916,322,1,NOT_SPEAKING
705,1916,322,1,NOT_SPEAKING
706,1916,322,1,NOT_SPEAKING
707,1917,322,1,NOT_SPEAKING
708,1917,322,1,NOT_SPEAKING
709,1918,321,1,NOT_SPEAKING
710,1918,321,1,NOT_SPEAKING
711,1919,321,1,NOT_SPEAKING
712,1919,321,1,NOT_SPEAKING
713,1919,321,1,NOT_SPEAKING
714,1920,321,1,NOT_SPEAKING
715,1920,321,1,NOT_SPEAKING
716,1921,321,1,NOT_SPEAKING
717,1921,321,1,NOT_SPEAKING
718,1922,321,1,NOT_SPEAKING
719,1922,321,1,NOT_SPEAKING
720,1922,320,1,NOT_SPEAKING
721,1922,320,1,NOT_SPEAKING
722,1923,320,1,NOT_SPEAKING
723,1923,320,1,NOT_SPEAKING
724,1923,320,1,NOT_SPEAKING
725,1923,320,1,NOT_SPEAKING
726,1923,320,1,NOT_SPEAKING
727,1923,320,1,NOT_SPEAKING
728,1923,320,1,NOT_SPEAKING
729,1923,320,1,NOT_SPEAKING
730,1923,320,1,NOT_SPEAKING
731,1923,320,1,NOT_SPEAKING
732,1923,321,1,NOT_SPEAKING
733,1922,321,1,NOT_SPEAKING
734,1922,321,1,NOT_SPEAKING
735,1922,321,1,NOT_SPEAKING
736,1921,321,1,NOT_SPEAKING
737,1921,321,1,NOT_SPEAKING
738,1921,321,1,NOT_SPEAKING
739,1920,321,1,NOT_SPEAKING
740,1920,321,1,NOT_SPEAKING
741,1919,321,1,NOT_SPEAKING
742,1918,321,1,NOT_SPEAKING
743,1918,320,1,NOT_SPEAKING
744,1918,320,1,NOT_SPEAKING
745,1917,320,1,NOT_SPEAKING
746,1916,320,1,NOT_SPEAKING
747,1916,320,1,NOT_SPEAKING
748,1915,320,1,NOT_SPEAKING
749,1914,320,1,NOT_SPEAKING
750,1914,320,1,NOT_SPEAKING
751,1913,320,1,NOT_SPEAKING
752,1912,320,1,NOT_SPEAKING
753,1911,320,1,NOT_SPEAKING
754,1909,320,1,NOT_SPEAKING
755,1907,320,1,NOT_SPEAKING
756,1904,319,1,NOT_SPEAKING
757,1901,319,1,NOT_SPEAKING
758,1898,318,1,NOT_SPEAKING
759,1895,318,1,NOT_SPEAKING
760,1891,317,1,NOT_SPEAKING
761,1887,317,1,NOT_SPEAKING
762,1883,316,1,NOT_SPEAKING
763,1878,316,1,SPEAKING
764,1872,315,1,SPEAKING
765,1865,314,1,SPEAKING
766,1859,314,1,SPEAKING
767,1852,314,1,SPEAKING
768,1845,314,1,SPEAKING
769,1838,314,1,SPEAKING
770,1832,315,1,SPEAKING
771,1826,315,1,SPEAKING
772,1820,316,1,SPEAKING
773,1814,316,1,SPEAKING
774,1808,316,1,SPEAKING
775,1802,317,1,SPEAKING
776,1796,317,1,SPEAKING
777,1791,316,1,SPEAKING
778,1785,316,1,SPEAKING
779,1779,315,1,SPEAKING
780,1773,313,1,SPEAKING
781,1767,311,1,SPEAKING
782,1760,308,1,SPEAKING
783,1753,305,1,SPEAKING
784,1746,301,1,SPEAKING
785,1739,298,1,SPEAKING
786,1733,295,1,SPEAKING
787,1726,292,1,SPEAKING
788,1721,290,1,SPEAKING
789,1715,288,1,SPEAKING
790,1710,287,1,NOT_SPEAKING
791,1705,285,1,NOT_SPEAKING
792,1700,284,1,NOT_SPEAKING
793,1696,284,1,NOT_SPEAKING
794,1693,283,1,NOT_SPEAKING
795,1689,282,1,NOT_SPEAKING
796,1687,282,1,NOT_SPEAKING
797,1685,282,1,NOT_SPEAKING
798,1683,282,1,NOT_SPEAKING
799,1683,282,1,NOT_SPEAKING
800,1682,282,1,NOT_SPEAKING
801,1682,282,1,NOT_SPEAKING
802,1682,282,1,NOT_SPEAKING
803,1681,281,1,NOT_SPEAKING
804,1680,280,1,SPEAKING
805,1678,280,1,SPEAKING
806,1676,279,1,SPEAKING
807,1674,279,1,SPEAKING
808,1673,280,1,SPEAKING
809,1672,281,1,SPEAKING
810,1671,283,1,SPEAKING
811,1671,285,1,SPEAKING
812,1671,287,1,SPEAKING
813,1670,288,1,SPEAKING
814,1668,288,1,SPEAKING
815,1666,288,1,SPEAKING
816,1664,288,1,SPEAKING
817,1661,288,1,SPEAKING
818,1657,287,1,SPEAKING
819,1654,286,1,SPEAKING
820,1650,285,1,SPEAKING
821,1647,284,1,SPEAKING
822,1644,284,1,SPEAKING
823,1641,285,1,SPEAKING
824,1639,286,1,SPEAKING
825,1637,287,1,SPEAKING
826,1634,289,1,SPEAKING
827,1632,290,1,SPEAKING
828,1630,291,1,SPEAKING
829,1628,292,1,SPEAKING
830,1627,294,1,SPEAKING
831,1626,296,1,SPEAKING
832,1626,297,1,SPEAKING
833,1625,300,1,SPEAKING
834,1625,301,1,SPEAKING
835,1624,303,1,SPEAKING
836,1623,305,1,SPEAKING
837,1622,306,1,SPEAKING
838,1622,307,1,SPEAKING
839,1621,307,1,SPEAKING
840,1621,308,1,SPEAKING
841,1621,308,1,NOT_SPEAKING
842,1622,308,1,NOT_SPEAKING
843,1623,308,1,NOT_SPEAKING
844,1623,308,1,NOT_SPEAKING
845,1624,308,1,NOT_SPEAKING
846,1625,307,1,NOT_SPEAKING
847,1625,307,1,NOT_SPEAKING
848,1626,306,1,NOT_SPEAKING
849,1626,306,1,NOT_SPEAKING
850,1627,305,1,NOT_SPEAKING
851,1627,305,1,NOT_SPEAKING
852,1628,305,1,NOT_SPEAKING
853,1628,304,1,NOT_SPEAKING
854,1628,304,1,NOT_SPEAKING
855,1629,304,1,NOT_SPEAKING
856,1630,304,1,NOT_SPEAKING
857,1630,304,1,NOT_SPEAKING
858,1631,304,1,NOT_SPEAKING
859,1632,304,1,NOT_SPEAKING
860,1632,304,1,NOT_SPEAKING
861,1633,304,1,NOT_SPEAKING
862,1634,303,1,NOT_SPEAKING
863,1635,303,1,NOT_SPEAKING
864,1635,303,1,NOT_SPEAKING
865,1636,303,1,NOT_SPEAKING
866,1637,302,1,NOT_SPEAKING
867,1637,302,1,NOT_SPEAKING
868,1638,302,1,NOT_SPEAKING
869,1638,301,1,NOT_SPEAKING
870,1639,301,1,NOT_SPEAKING
871,1639,300,1,NOT_SPEAKING
872,1639,299,1,NOT_SPEAKING
873,1639,298,1,NOT_SPEAKING
874,1638,297,1,NOT_SPEAKING
875,1637,296,1,NOT_SPEAKING
876,1636,295,1,NOT_SPEAKING
877,1635,293,1,NOT_SPEAKING
878,1634,292,1,NOT_SPEAKING
879,1633,291,1,SPEAKING
880,1633,290,1,SPEAKING
881,1633,289,1,SPEAKING
882,1633,289,1,SPEAKING
883,1634,288,1,SPEAKING
884,1635,288,1,SPEAKING
885,1636,288,1,SPEAKING
886,1637,287,1,SPEAKING
887,1638,287,1,SPEAKING
888,1639,288,1,SPEAKING
889,1639,288,1,SPEAKING
890,1639,289,1,SPEAKING
891,1639,289,1,SPEAKING
892,1639,290,1,SPEAKING
893,1639,291,1,SPEAKING
894,1638,291,1,SPEAKING
895,1638,292,1,SPEAKING
896,1637,292,1,SPEAKING
897,1637,292,1,SPEAKING
898,1637,292,1,SPEAKING
899,1637,292,1,SPEAKING
900,1638,292,1,SPEAKING
901,1638,293,1,SPEAKING
902,1639,293,1,SPEAKING
903,1639,294,1,SPEAKING
904,1639,294,1,SPEAKING
905,1639,295,1,SPEAKING
906,1639,295,1,SPEAKING
907,1638,296,1,SPEAKING
908,1637,296,1,SPEAKING
909,1636,297,1,SPEAKING
910,1636,297,1,SPEAKING
911,1636,297,1,SPEAKING
912,1635,298,1,SPEAKING
913,1635,298,1,SPEAKING
914,1634,298,1,SPEAKING
915,1633,298,1,SPEAKING
916,1633,297,1,SPEAKING
917,1633,297,1,SPEAKING
918,1632,297,1,SPEAKING
919,1632,297,1,NOT_SPEAKING
920,1632,297,1,NOT_SPEAKING
921,1633,297,1,NOT_SPEAKING
922,1633,296,1,NOT_SPEAKING
923,1633,296,1,NOT_SPEAKING
924,1633,296,1,NOT_SPEAKING
925,1633,296,1,NOT_SPEAKING
926,1634,296,1,NOT_SPEAKING
927,1634,296,1,NOT_SPEAKING
928,1634,296,1,NOT_SPEAKING
929,1635,296,1,NOT_SPEAKING
930,1635,295,1,NOT_SPEAKING
931,1635,295,1,NOT_SPEAKING
932,1636,295,1,NOT_SPEAKING
933,1636,295,1,NOT_SPEAKING
934,1637,295,1,NOT_SPEAKING
935,1637,295,1,NOT_SPEAKING
936,1637,294,1,NOT_SPEAKING
937,1638,294,1,NOT_SPEAKING
938,1638,294,1,NOT_SPEAKING
939,1638,294,1,NOT_SPEAKING
940,1638,294,1,NOT_SPEAKING
941,1639,294,1,NOT_SPEAKING
942,1639,294,1,NOT_SPEAKING
943,1639,294,1,NOT_SPEAKING
944,1639,293,1,NOT_SPEAKING
945,1638,292,1,NOT_SPEAKING
946,1637,291,1,SPEAKING
947,1636,290,1,SPEAKING
948,1634,289,1,SPEAKING
949,1632,288,1,SPEAKING
950,1630,287,1,SPEAKING
951,1629,287,1,SPEAKING
952,1628,287,1,SPEAKING
953,1628,287,1,SPEAKING
954,1628,288,1,SPEAKING
955,1629,288,1,SPEAKING
956,1629,289,1,SPEAKING
957,1630,289,1,SPEAKING
958,1630,289,1,SPEAKING
959,1631,289,1,NOT_SPEAKING
960,1631,290,1,NOT_SPEAKING
961,1631,290,1,NOT_SPEAKING
962,1631,291,1,NOT_SPEAKING
963,1631,291,1,NOT_SPEAKING
964,1631,292,1,NOT_SPEAKING
965,1631,293,1,NOT_SPEAKING
966,1631,293,1,NOT_SPEAKING
967,1631,294,1,NOT_SPEAKING
968,1631,295,1,NOT_SPEAKING
969,1631,296,1,NOT_SPEAKING
970,1631,297,1,NOT_SPEAKING
971,1631,298,1,NOT_SPEAKING
972,1631,299,1,NOT_SPEAKING
973,1631,300,1,NOT_SPEAKING
974,1631,301,1,NOT_SPEAKING
975,1631,302,1,NOT_SPEAKING
976,1631,303,1,NOT_SPEAKING
977,1631,304,1,NOT_SPEAKING
978,1631,305,1,NOT_SPEAKING
979,1632,305,1,NOT_SPEAKING
980,1632,306,1,NOT_SPEAKING
981,1634,307,1,NOT_SPEAKING
982,1635,307,1,NOT_SPEAKING
983,1636,307,1,SPEAKING
984,1636,308,1,SPEAKING
985,1636,309,1,SPEAKING
986,1635,310,1,SPEAKING
987,1634,312,1,SPEAKING
988,1633,313,1,SPEAKING
989,1632,315,1,SPEAKING
990,1631,317,1,SPEAKING
991,1631,319,1,SPEAKING
992,1630,321,1,SPEAKING
993,1630,322,1,SPEAKING
994,1630,324,1,SPEAKING
995,1630,325,1,SPEAKING
996,1630,326,1,NOT_SPEAKING
997,1630,327,1,NOT_SPEAKING
998,1631,327,1,NOT_SPEAKING
999,1631,328,1,NOT_SPEAKING
1000,1633,328,1,NOT_SPEAKING
1001,1634,329,1,NOT_SPEAKING
1002,1636,329,1,NOT_SPEAKING
1003,1638,329,1,NOT_SPEAKING
1004,1640,328,1,NOT_SPEAKING
1005,1643,328,1,NOT_SPEAKING
1006,1646,327,1,NOT_SPEAKING
1007,1650,326,1,NOT_SPEAKING
1008,1654,325,1,NOT_SPEAKING
1009,1658,324,1,NOT_SPEAKING
1010,1663,323,1,NOT_SPEAKING
1011,1668,322,1,NOT_SPEAKING
1012,1674,321,1,NOT_SPEAKING
1013,1681,320,1,NOT_SPEAKING
1014,1688,319,1,NOT_SPEAKING
1015,1696,318,1,NOT_SPEAKING
1016,1704,317,1,NOT_SPEAKING
1017,1713,316,1,NOT_SPEAKING
1018,1723,315,1,NOT_SPEAKING
1019,1733,314,1,NOT_SPEAKING
1020,1744,312,1,NOT_SPEAKING
1021,1755,310,1,NOT_SPEAKING
1022,1767,308,1,NOT_SPEAKING
1023,1779,305,1,NOT_SPEAKING
1024,1792,302,1,NOT_SPEAKING
1025,1805,298,1,NOT_SPEAKING
1026,1819,294,1,NOT_SPEAKING
1027,1831,289,1,NOT_SPEAKING
1028,1843,285,1,NOT_SPEAKING
1029,1854,280,1,NOT_SPEAKING
1030,1863,276,1,NOT_SPEAKING
1031,1870,271,1,NOT_SPEAKING
1032,1875,267,1,NOT_SPEAKING
1033,1879,264,1,NOT_SPEAKING
1034,1880,261,1,NOT_SPEAKING
1035,1880,258,1,NOT_SPEAKING
1036,1878,256,1,NOT_SPEAKING
1037,1875,254,1,NOT_SPEAKING
1038,1871,252,1,NOT_SPEAKING
1039,1866,251,1,NOT_SPEAKING
1040,1861,249,1,NOT_SPEAKING
1041,1855,247,1,NOT_SPEAKING
1042,1850,246,1,NOT_SPEAKING
1043,1845,245,1,NOT_SPEAKING
1044,1841,244,1,NOT_SPEAKING
0,793,402,2,NOT_SPEAKING
1,794,401,2,NOT_SPEAKING
2,794,401,2,NOT_SPEAKING
3,794,401,2,NOT_SPEAKING
4,794,401,2,NOT_SPEAKING
5,794,401,2,NOT_SPEAKING
6,794,400,2,NOT_SPEAKING
7,794,400,2,NOT_SPEAKING
8,795,400,2,NOT_SPEAKING
9,795,399,2,NOT_SPEAKING
10,796,399,2,NOT_SPEAKING
11,796,398,2,NOT_SPEAKING
12,797,398,2,NOT_SPEAKING
13,798,397,2,NOT_SPEAKING
14,798,397,2,NOT_SPEAKING
15,799,396,2,NOT_SPEAKING
16,800,395,2,NOT_SPEAKING
17,802,395,2,NOT_SPEAKING
18,803,394,2,NOT_SPEAKING
19,806,393,2,NOT_SPEAKING
20,809,392,2,NOT_SPEAKING
21,813,391,2,NOT_SPEAKING
22,818,390,2,NOT_SPEAKING
23,823,390,2,NOT_SPEAKING
24,829,390,2,NOT_SPEAKING
25,836,390,2,NOT_SPEAKING
26,842,390,2,NOT_SPEAKING
27,848,391,2,NOT_SPEAKING
28,854,392,2,NOT_SPEAKING
29,858,393,2,NOT_SPEAKING
30,862,394,2,NOT_SPEAKING
31,865,395,2,NOT_SPEAKING
32,867,396,2,NOT_SPEAKING
33,868,397,2,NOT_SPEAKING
34,869,399,2,NOT_SPEAKING
35,869,400,2,NOT_SPEAKING
36,870,401,2,NOT_SPEAKING
37,870,402,2,NOT_SPEAKING
38,870,402,2,NOT_SPEAKING
39,870,403,2,NOT_SPEAKING
40,870,404,2,NOT_SPEAKING
41,871,406,2,NOT_SPEAKING
42,871,407,2,NOT_SPEAKING
43,872,408,2,NOT_SPEAKING
44,874,409,2,NOT_SPEAKING
45,875,410,2,NOT_SPEAKING
46,877,412,2,NOT_SPEAKING
47,879,412,2,NOT_SPEAKING
48,881,413,2,NOT_SPEAKING
49,884,413,2,NOT_SPEAKING
50,887,413,2,NOT_SPEAKING
51,891,414,2,NOT_SPEAKING
52,894,414,2,NOT_SPEAKING
53,898,414,2,NOT_SPEAKING
54,902,413,2,NOT_SPEAKING
55,906,413,2,NOT_SPEAKING
56,910,413,2,NOT_SPEAKING
57,915,413,2,NOT_SPEAKING
58,920,413,2,NOT_SPEAKING
59,924,413,2,NOT_SPEAKING
60,929,413,2,NOT_SPEAKING
61,934,413,2,NOT_SPEAKING
62,938,413,2,NOT_SPEAKING
63,942,413,2,NOT_SPEAKING
64,947,413,2,NOT_SPEAKING
65,951,413,2,NOT_SPEAKING
66,954,413,2,NOT_SPEAKING
67,958,413,2,NOT_SPEAKING
68,961,413,2,NOT_SPEAKING
69,964,413,2,NOT_SPEAKING
70,967,414,2,NOT_SPEAKING
71,970,414,2,NOT_SPEAKING
72,972,414,2,NOT_SPEAKING
73,975,414,2,NOT_SPEAKING
74,977,414,2,NOT_SPEAKING
75,979,414,2,NOT_SPEAKING
76,980,414,2,NOT_SPEAKING
77,982,414,2,NOT_SPEAKING
78,983,414,2,NOT_SPEAKING
79,984,415,2,NOT_SPEAKING
80,985,415,2,NOT_SPEAKING
81,986,415,2,NOT_SPEAKING
82,987,415,2,NOT_SPEAKING
83,988,415,2,NOT_SPEAKING
84,989,415,2,NOT_SPEAKING
85,989,415,2,NOT_SPEAKING
86,990,415,2,NOT_SPEAKING
87,990,415,2,NOT_SPEAKING
88,990,416,2,NOT_SPEAKING
89,990,416,2,NOT_SPEAKING
90,990,416,2,NOT_SPEAKING
91,990,416,2,NOT_SPEAKING
92,990,416,2,NOT_SPEAKING
93,990,416,2,NOT_SPEAKING
94,989,416,2,NOT_SPEAKING
95,989,416,2,NOT_SPEAKING
96,988,416,2,NOT_SPEAKING
97,988,416,2,NOT_SPEAKING
98,988,417,2,NOT_SPEAKING
99,988,417,2,NOT_SPEAKING
100,987,417,2,NOT_SPEAKING
101,987,417,2,NOT_SPEAKING
102,987,417,2,NOT_SPEAKING
103,987,417,2,NOT_SPEAKING
104,986,417,2,NOT_SPEAKING
105,986,417,2,NOT_SPEAKING
106,986,417,2,NOT_SPEAKING
107,985,417,2,NOT_SPEAKING
108,985,417,2,NOT_SPEAKING
109,985,417,2,NOT_SPEAKING
110,984,417,2,NOT_SPEAKING
111,984,417,2,NOT_SPEAKING
112,984,417,2,NOT_SPEAKING
113,983,417,2,NOT_SPEAKING
114,983,418,2,NOT_SPEAKING
115,983,418,2,NOT_SPEAKING
116,983,418,2,NOT_SPEAKING
117,983,418,2,NOT_SPEAKING
118,982,419,2,NOT_SPEAKING
119,982,419,2,NOT_SPEAKING
120,982,419,2,NOT_SPEAKING
121,982,419,2,NOT_SPEAKING
122,982,419,2,NOT_SPEAKING
123,982,419,2,NOT_SPEAKING
124,982,419,2,NOT_SPEAKING
125,982,419,2,NOT_SPEAKING
126,981,419,2,NOT_SPEAKING
127,981,419,2,NOT_SPEAKING
128,981,419,2,NOT_SPEAKING
129,981,419,2,NOT_SPEAKING
130,981,419,2,NOT_SPEAKING
131,981,420,2,NOT_SPEAKING
132,981,420,2,NOT_SPEAKING
133,982,420,2,NOT_SPEAKING
134,982,420,2,NOT_SPEAKING
135,983,421,2,NOT_SPEAKING
136,983,421,2,NOT_SPEAKING
137,984,421,2,NOT_SPEAKING
138,986,421,2,NOT_SPEAKING
139,987,421,2,NOT_SPEAKING
140,989,421,2,NOT_SPEAKING
141,992,421,2,NOT_SPEAKING
142,994,420,2,NOT_SPEAKING
143,997,420,2,NOT_SPEAKING
144,1000,419,2,NOT_SPEAKING
145,1003,419,2,NOT_SPEAKING
146,1006,418,2,NOT_SPEAKING
147,1009,418,2,NOT_SPEAKING
148,1011,418,2,NOT_SPEAKING
149,1014,418,2,NOT_SPEAKING
150,1016,418,2,NOT_SPEAKING
151,1018,419,2,NOT_SPEAKING
152,1020,420,2,NOT_SPEAKING
153,1022,421,2,NOT_SPEAKING
154,1024,421,2,NOT_SPEAKING
155,1026,422,2,NOT_SPEAKING
156,1028,422,2,NOT_SPEAKING
157,1031,421,2,SPEAKING
158,1034,420,2,SPEAKING
159,1037,419,2,SPEAKING
160,1040,417,2,SPEAKING
161,1044,416,2,SPEAKING
162,1048,414,2,SPEAKING
163,1052,413,2,SPEAKING
164,1056,412,2,SPEAKING
165,1061,412,2,SPEAKING
166,1065,412,2,SPEAKING
167,1070,413,2,SPEAKING
168,1075,415,2,SPEAKING
169,1080,417,2,SPEAKING
170,1085,418,2,SPEAKING
171,1090,420,2,SPEAKING
172,1095,420,2,SPEAKING
173,1100,420,2,SPEAKING
174,1105,418,2,SPEAKING
175,1110,415,2,SPEAKING
176,1115,412,2,SPEAKING
177,1120,409,2,SPEAKING
178,1124,406,2,SPEAKING
179,1128,403,2,SPEAKING
180,1132,401,2,SPEAKING
181,1135,400,2,SPEAKING
182,1139,399,2,SPEAKING
183,1142,399,2,SPEAKING
184,1145,399,2,SPEAKING
185,1148,399,2,SPEAKING
186,1151,400,2,SPEAKING
187,1154,400,2,SPEAKING
188,1157,400,2,SPEAKING
189,1159,400,2,SPEAKING
190,1162,399,2,SPEAKING
191,1165,398,2,SPEAKING
192,1168,397,2,SPEAKING
193,1171,396,2,SPEAKING
194,1175,394,2,SPEAKING
195,1178,393,2,SPEAKING
196,1182,392,2,SPEAKING
197,1185,391,2,SPEAKING
198,1189,391,2,SPEAKING
199,1192,391,2,SPEAKING
200,1196,390,2,SPEAKING
201,1199,390,2,SPEAKING
202,1203,390,2,SPEAKING
203,1206,390,2,NOT_SPEAKING
204,1209,389,2,NOT_SPEAKING
205,1213,389,2,NOT_SPEAKING
206,1216,389,2,NOT_SPEAKING
207,1219,389,2,NOT_SPEAKING
208,1222,389,2,NOT_SPEAKING
209,1224,389,2,NOT_SPEAKING
210,1227,388,2,NOT_SPEAKING
211,1229,388,2,NOT_SPEAKING
212,1231,388,2,NOT_SPEAKING
213,1233,388,2,NOT_SPEAKING
214,1235,388,2,NOT_SPEAKING
215,1236,388,2,NOT_SPEAKING
216,1238,388,2,NOT_SPEAKING
217,1239,388,2,NOT_SPEAKING
218,1241,388,2,NOT_SPEAKING
219,1242,388,2,NOT_SPEAKING
220,1243,388,2,NOT_SPEAKING
221,1243,388,2,NOT_SPEAKING
222,1244,389,2,NOT_SPEAKING
223,1244,389,2,NOT_SPEAKING
224,1244,389,2,NOT_SPEAKING
225,1245,389,2,NOT_SPEAKING
226,1244,389,2,NOT_SPEAKING
227,1244,389,2,NOT_SPEAKING
228,1244,389,2,NOT_SPEAKING
229,1243,389,2,NOT_SPEAKING
230,1242,389,2,NOT_SPEAKING
231,1242,390,2,NOT_SPEAKING
232,1241,390,2,NOT_SPEAKING
233,1239,391,2,NOT_SPEAKING
234,1238,391,2,NOT_SPEAKING
235,1237,392,2,NOT_SPEAKING
236,1235,393,2,NOT_SPEAKING
237,1234,393,2,NOT_SPEAKING
238,1232,394,2,NOT_SPEAKING
239,1230,395,2,NOT_SPEAKING
240,1229,395,2,NOT_SPEAKING
241,1227,396,2,NOT_SPEAKING
242,1226,396,2,NOT_SPEAKING
243,1224,396,2,NOT_SPEAKING
244,1223,397,2,NOT_SPEAKING
245,1222,397,2,NOT_SPEAKING
246,1220,397,2,NOT_SPEAKING
247,1219,397,2,NOT_SPEAKING
248,1218,397,2,NOT_SPEAKING
249,1217,397,2,NOT_SPEAKING
250,1215,397,2,NOT_SPEAKING
251,1214,397,2,NOT_SPEAKING
252,1213,397,2,NOT_SPEAKING
253,1212,397,2,NOT_SPEAKING
254,1211,397,2,NOT_SPEAKING
255,1210,397,2,NOT_SPEAKING
256,1209,397,2,NOT_SPEAKING
257,1208,397,2,NOT_SPEAKING
258,1207,397,2,NOT_SPEAKING
259,1206,396,2,NOT_SPEAKING
260,1206,396,2,NOT_SPEAKING
261,1205,396,2,NOT_SPEAKING
262,1205,396,2,NOT_SPEAKING
263,1205,396,2,NOT_SPEAKING
264,1204,396,2,NOT_SPEAKING
265,1204,396,2,NOT_SPEAKING
266,1204,396,2,NOT_SPEAKING
267,1204,396,2,NOT_SPEAKING
268,1203,396,2,NOT_SPEAKING
269,1203,396,2,NOT_SPEAKING
270,1203,397,2,NOT_SPEAKING
271,1203,397,2,NOT_SPEAKING
272,1203,397,2,NOT_SPEAKING
273,1203,397,2,NOT_SPEAKING
274,1203,397,2,NOT_SPEAKING
275,1203,396,2,NOT_SPEAKING
276,1203,396,2,NOT_SPEAKING
277,1204,396,2,NOT_SPEAKING
278,1204,396,2,NOT_SPEAKING
279,1204,396,2,NOT_SPEAKING
280,1204,396,2,NOT_SPEAKING
281,1204,396,2,NOT_SPEAKING
282,1204,395,2,NOT_SPEAKING
283,1205,395,2,NOT_SPEAKING
284,1205,395,2,NOT_SPEAKING
285,1205,395,2,NOT_SPEAKING
286,1205,395,2,NOT_SPEAKING
287,1205,394,2,NOT_SPEAKING
288,1206,394,2,NOT_SPEAKING
289,1206,394,2,NOT_SPEAKING
290,1206,394,2,NOT_SPEAKING
291,1207,394,2,NOT_SPEAKING
292,1207,394,2,NOT_SPEAKING
293,1207,394,2,NOT_SPEAKING
294,1208,394,2,NOT_SPEAKING
295,1208,394,2,NOT_SPEAKING
296,1208,394,2,NOT_SPEAKING
297,1208,394,2,NOT_SPEAKING
298,1209,394,2,NOT_SPEAKING
299,1209,394,2,NOT_SPEAKING
300,1209,394,2,NOT_SPEAKING
301,1209,394,2,NOT_SPEAKING
302,1209,394,2,NOT_SPEAKING
303,1209,394,2,NOT_SPEAKING
304,1209,394,2,NOT_SPEAKING
305,1209,394,2,NOT_SPEAKING
306,1210,394,2,NOT_SPEAKING
307,1210,394,2,NOT_SPEAKING
308,1210,394,2,NOT_SPEAKING
309,1210,394,2,NOT_SPEAKING
310,1209,394,2,NOT_SPEAKING
311,1209,394,2,NOT_SPEAKING
312,1209,394,2,NOT_SPEAKING
313,1209,394,2,NOT_SPEAKING
314,1209,394,2,NOT_SPEAKING
315,1209,394,2,NOT_SPEAKING
316,1208,394,2,NOT_SPEAKING
317,1208,394,2,NOT_SPEAKING
318,1208,394,2,NOT_SPEAKING
319,1207,394,2,NOT_SPEAKING
320,1207,394,2,NOT_SPEAKING
321,1207,394,2,NOT_SPEAKING
322,1206,394,2,NOT_SPEAKING
323,1206,394,2,NOT_SPEAKING
324,1206,394,2,NOT_SPEAKING
325,1205,394,2,NOT_SPEAKING
326,1205,394,2,NOT_SPEAKING
327,1205,394,2,NOT_SPEAKING
328,1204,394,2,NOT_SPEAKING
329,1204,394,2,NOT_SPEAKING
330,1204,394,2,NOT_SPEAKING
331,1203,395,2,NOT_SPEAKING
332,1203,395,2,NOT_SPEAKING
333,1203,395,2,NOT_SPEAKING
334,1203,395,2,NOT_SPEAKING
335,1203,395,2,NOT_SPEAKING
336,1203,395,2,NOT_SPEAKING
337,1202,395,2,NOT_SPEAKING
338,1202,395,2,NOT_SPEAKING
339,1202,394,2,NOT_SPEAKING
340,1202,394,2,NOT_SPEAKING
341,1201,394,2,NOT_SPEAKING
342,1200,394,2,NOT_SPEAKING
343,1199,395,2,NOT_SPEAKING
344,1198,395,2,NOT_SPEAKING
345,1195,396,2,NOT_SPEAKING
346,1192,396,2,NOT_SPEAKING
347,1189,397,2,NOT_SPEAKING
348,1184,398,2,NOT_SPEAKING
349,1179,399,2,NOT_SPEAKING
350,1174,400,2,NOT_SPEAKING
351,1168,402,2,NOT_SPEAKING
352,1162,403,2,NOT_SPEAKING
353,1156,405,2,NOT_SPEAKING
354,1150,407,2,NOT_SPEAKING
355,1145,408,2,NOT_SPEAKING
356,1140,410,2,NOT_SPEAKING
357,1136,411,2,NOT_SPEAKING
358,1133,413,2,NOT_SPEAKING
359,1130,414,2,NOT_SPEAKING
360,1127,415,2,NOT_SPEAKING
361,1125,416,2,NOT_SPEAKING
362,1124,417,2,NOT_SPEAKING
363,1122,417,2,NOT_SPEAKING
364,1121,418,2,NOT_SPEAKING
365,1120,419,2,NOT_SPEAKING
366,1119,420,2,NOT_SPEAKING
367,1118,421,2,NOT_SPEAKING
368,1117,422,2,NOT_SPEAKING
369,1117,423,2,NOT_SPEAKING
370,1117,424,2,NOT_SPEAKING
371,1117,425,2,NOT_SPEAKING
372,1117,425,2,NOT_SPEAKING
373,1117,426,2,NOT_SPEAKING
374,1118,427,2,NOT_SPEAKING
375,1118,428,2,NOT_SPEAKING
376,1119,429,2,NOT_SPEAKING
377,1120,430,2,NOT_SPEAKING
378,1122,431,2,NOT_SPEAKING
379,1124,431,2,NOT_SPEAKING
380,1126,431,2,NOT_SPEAKING
381,1129,430,2,NOT_SPEAKING
382,1134,429,2,NOT_SPEAKING
383,1139,427,2,NOT_SPEAKING
384,1146,425,2,NOT_SPEAKING
385,1153,423,2,NOT_SPEAKING
386,1161,421,2,NOT_SPEAKING
387,1170,418,2,NOT_SPEAKING
388,1178,416,2,NOT_SPEAKING
389,1186,414,2,NOT_SPEAKING
390,1193,412,2,NOT_SPEAKING
391,1200,411,2,NOT_SPEAKING
392,1205,410,2,NOT_SPEAKING
393,1209,409,2,NOT_SPEAKING
394,1213,408,2,NOT_SPEAKING
395,1216,408,2,NOT_SPEAKING
396,1218,407,2,NOT_SPEAKING
397,1220,407,2,NOT_SPEAKING
398,1222,407,2,NOT_SPEAKING
399,1223,407,2,NOT_SPEAKING
400,1224,407,2,NOT_SPEAKING
401,1225,407,2,NOT_SPEAKING
402,1226,407,2,NOT_SPEAKING
403,1226,407,2,NOT_SPEAKING
404,1226,406,2,NOT_SPEAKING
405,1226,406,2,NOT_SPEAKING
406,1225,406,2,NOT_SPEAKING
407,1224,406,2,NOT_SPEAKING
408,1223,406,2,NOT_SPEAKING
409,1220,406,2,NOT_SPEAKING
410,1217,406,2,NOT_SPEAKING
411,1213,405,2,NOT_SPEAKING
412,1208,405,2,SPEAKING
413,1201,404,2,SPEAKING
414,1194,404,2,SPEAKING
415,1185,404,2,SPEAKING
416,1175,404,2,SPEAKING
417,1165,405,2,SPEAKING
418,1154,406,2,SPEAKING
419,1143,406,2,SPEAKING
420,1132,407,2,SPEAKING
421,1120,408,2,SPEAKING
422,1109,408,2,SPEAKING
423,1097,408,2,SPEAKING
424,1085,408,2,SPEAKING
425,1072,407,2,SPEAKING
426,1059,406,2,SPEAKING
427,1046,406,2,SPEAKING
428,1032,405,2,SPEAKING
429,1018,405,2,SPEAKING
430,1004,404,2,SPEAKING
431,990,404,2,SPEAKING
432,977,404,2,SPEAKING
433,965,403,2,SPEAKING
434,953,403,2,SPEAKING
435,942,402,2,SPEAKING
436,932,402,2,SPEAKING
437,922,401,2,SPEAKING
438,912,401,2,SPEAKING
439,903,400,2,SPEAKING
440,894,400,2,SPEAKING
441,886,399,2,SPEAKING
442,877,399,2,SPEAKING
443,869,400,2,SPEAKING
444,860,400,2,SPEAKING
445,852,401,2,SPEAKING
446,843,402,2,SPEAKING
447,835,403,2,SPEAKING
448,827,405,2,SPEAKING
449,819,406,2,SPEAKING
450,811,406,2,SPEAKING
451,803,406,2,SPEAKING
452,795,404,2,SPEAKING
453,787,403,2,SPEAKING
454,779,401,2,SPEAKING
455,772,398,2,SPEAKING
456,764,396,2,SPEAKING
457,757,394,2,SPEAKING
458,750,392,2,SPEAKING
459,743,391,2,SPEAKING
460,736,390,2,SPEAKING
461,730,388,2,SPEAKING
462,725,387,2,SPEAKING
463,720,385,2,SPEAKING
464,716,383,2,SPEAKING
465,714,381,2,SPEAKING
466,712,379,2,NOT_SPEAKING
467,712,377,2,NOT_SPEAKING
468,714,375,2,NOT_SPEAKING
469,717,374,2,NOT_SPEAKING
470,720,373,2,NOT_SPEAKING
471,725,373,2,NOT_SPEAKING
472,729,373,2,NOT_SPEAKING
473,733,375,2,NOT_SPEAKING
474,736,376,2,NOT_SPEAKING
475,739,378,2,NOT_SPEAKING
476,740,379,2,NOT_SPEAKING
477,740,381,2,NOT_SPEAKING
478,740,382,2,NOT_SPEAKING
479,738,383,2,NOT_SPEAKING
480,737,383,2,NOT_SPEAKING
481,735,384,2,NOT_SPEAKING
482,733,385,2,NOT_SPEAKING
483,731,385,2,NOT_SPEAKING
484,729,386,2,NOT_SPEAKING
485,727,386,2,NOT_SPEAKING
486,726,387,2,NOT_SPEAKING
487,725,387,2,NOT_SPEAKING
488,725,387,2,NOT_SPEAKING
489,725,387,2,SPEAKING
490,726,386,2,SPEAKING
491,727,385,2,SPEAKING
492,728,383,2,SPEAKING
493,730,382,2,SPEAKING
494,732,381,2,SPEAKING
495,734,379,2,SPEAKING
496,736,379,2,SPEAKING
497,739,379,2,SPEAKING
498,741,379,2,SPEAKING
499,744,380,2,SPEAKING
500,747,381,2,SPEAKING
501,750,382,2,SPEAKING
502,753,382,2,SPEAKING
503,757,383,2,SPEAKING
504,761,383,2,SPEAKING
505,765,384,2,SPEAKING
506,769,385,2,SPEAKING
507,773,386,2,SPEAKING
508,777,387,2,SPEAKING
509,781,388,2,SPEAKING
510,785,389,2,SPEAKING
511,789,391,2,SPEAKING
512,792,392,2,SPEAKING
513,796,394,2,SPEAKING
514,800,395,2,SPEAKING
515,804,396,2,SPEAKING
516,807,398,2,SPEAKING
517,811,399,2,SPEAKING
518,815,400,2,SPEAKING
519,819,400,2,SPEAKING
520,823,401,2,SPEAKING
521,827,401,2,SPEAKING
522,831,401,2,SPEAKING
523,836,401,2,SPEAKING
524,840,400,2,SPEAKING
525,844,399,2,SPEAKING
526,849,398,2,SPEAKING
527,852,397,2,SPEAKING
528,856,396,2,SPEAKING
529,860,396,2,SPEAKING
530,863,395,2,SPEAKING
531,865,395,2,SPEAKING
532,866,395,2,SPEAKING
533,867,395,2,SPEAKING
534,868,395,2,SPEAKING
535,868,395,2,SPEAKING
536,868,395,2,SPEAKING
537,868,394,2,SPEAKING
538,868,394,2,SPEAKING
539,868,394,2,SPEAKING
540,868,393,2,SPEAKING
541,868,393,2,SPEAKING
542,868,394,2,SPEAKING
543,867,394,2,SPEAKING
544,866,394,2,SPEAKING
545,865,394,2,SPEAKING
546,864,394,2,SPEAKING
547,862,395,2,SPEAKING
548,861,396,2,SPEAKING
549,859,397,2,SPEAKING
550,857,398,2,SPEAKING
551,856,399,2,SPEAKING
552,854,401,2,SPEAKING
553,853,402,2,SPEAKING
554,852,402,2,SPEAKING
555,852,403,2,SPEAKING
556,852,403,2,SPEAKING
557,853,403,2,SPEAKING
558,853,403,2,SPEAKING
559,854,402,2,SPEAKING
560,855,402,2,SPEAKING
561,855,401,2,SPEAKING
562,855,400,2,SPEAKING
563,855,399,2,SPEAKING
564,855,398,2,SPEAKING
565,854,398,2,SPEAKING
566,853,397,2,SPEAKING
567,852,397,2,SPEAKING
568,851,397,2,SPEAKING
569,850,397,2,SPEAKING
570,849,398,2,SPEAKING
571,848,399,2,SPEAKING
572,847,400,2,SPEAKING
573,846,402,2,SPEAKING
574,846,403,2,SPEAKING
575,846,404,2,SPEAKING
576,846,405,2,SPEAKING
577,847,405,2,SPEAKING
578,848,404,2,SPEAKING
579,849,403,2,SPEAKING
580,849,402,2,SPEAKING
581,850,401,2,SPEAKING
582,850,400,2,SPEAKING
583,850,399,2,SPEAKING
584,850,398,2,SPEAKING
585,850,398,2,SPEAKING
586,849,398,2,SPEAKING
587,849,398,2,SPEAKING
588,849,399,2,SPEAKING
589,849,399,2,SPEAKING
590,850,399,2,SPEAKING
591,851,399,2,SPEAKING
592,851,399,2,SPEAKING
593,852,399,2,SPEAKING
594,853,399,2,SPEAKING
595,853,399,2,SPEAKING
596,854,399,2,SPEAKING
597,854,399,2,SPEAKING
598,854,399,2,SPEAKING
599,854,399,2,SPEAKING
600,854,399,2,SPEAKING
601,855,398,2,SPEAKING
602,855,398,2,SPEAKING
603,855,398,2,SPEAKING
604,856,398,2,SPEAKING
605,856,398,2,SPEAKING
606,856,398,2,SPEAKING
607,856,398,2,SPEAKING
608,856,398,2,SPEAKING
609,857,399,2,SPEAKING
610,856,399,2,SPEAKING
611,856,400,2,SPEAKING
612,856,401,2,SPEAKING
613,856,401,2,NOT_SPEAKING
614,856,402,2,NOT_SPEAKING
615,855,402,2,NOT_SPEAKING
616,855,402,2,NOT_SPEAKING
617,854,403,2,NOT_SPEAKING
618,854,403,2,NOT_SPEAKING
619,853,403,2,NOT_SPEAKING
620,852,404,2,NOT_SPEAKING
621,851,404,2,NOT_SPEAKING
622,851,404,2,NOT_SPEAKING
623,850,405,2,NOT_SPEAKING
624,849,405,2,NOT_SPEAKING
625,848,405,2,NOT_SPEAKING
626,847,405,2,NOT_SPEAKING
627,847,405,2,NOT_SPEAKING
628,846,405,2,NOT_SPEAKING
629,845,405,2,NOT_SPEAKING
630,845,405,2,NOT_SPEAKING
631,844,405,2,NOT_SPEAKING
632,844,405,2,NOT_SPEAKING
633,844,405,2,NOT_SPEAKING
634,843,404,2,NOT_SPEAKING
635,843,404,2,NOT_SPEAKING
636,843,404,2,NOT_SPEAKING
637,842,404,2,NOT_SPEAKING
638,842,404,2,NOT_SPEAKING
639,841,404,2,NOT_SPEAKING
640,841,404,2,NOT_SPEAKING
641,841,404,2,NOT_SPEAKING
642,840,404,2,NOT_SPEAKING
643,840,404,2,NOT_SPEAKING
644,839,404,2,NOT_SPEAKING
645,838,404,2,NOT_SPEAKING
646,838,404,2,NOT_SPEAKING
647,837,404,2,NOT_SPEAKING
648,836,404,2,NOT_SPEAKING
649,836,404,2,NOT_SPEAKING
650,836,404,2,NOT_SPEAKING
651,835,404,2,NOT_SPEAKING
652,835,404,2,NOT_SPEAKING
653,835,404,2,SPEAKING
654,835,404,2,SPEAKING
655,835,404,2,SPEAKING
656,836,404,2,SPEAKING
657,836,403,2,SPEAKING
658,837,402,2,SPEAKING
659,838,400,2,SPEAKING
660,839,398,2,SPEAKING
661,840,396,2,SPEAKING
662,841,394,2,SPEAKING
663,842,392,2,SPEAKING
664,843,390,2,SPEAKING
665,843,388,2,SPEAKING
666,843,387,2,SPEAKING
667,844,386,2,SPEAKING
668,844,385,2,SPEAKING
669,844,385,2,SPEAKING
670,845,385,2,SPEAKING
671,845,385,2,SPEAKING
672,846,386,2,SPEAKING
673,847,386,2,SPEAKING
674,848,386,2,SPEAKING
675,850,387,2,SPEAKING
676,851,387,2,SPEAKING
677,853,388,2,SPEAKING
678,855,388,2,SPEAKING
679,857,389,2,SPEAKING
680,859,390,2,SPEAKING
681,862,391,2,SPEAKING
682,865,392,2,SPEAKING
683,868,392,2,SPEAKING
684,871,393,2,SPEAKING
685,875,393,2,SPEAKING
686,879,394,2,SPEAKING
687,883,394,2,SPEAKING
688,888,395,2,SPEAKING
689,892,397,2,SPEAKING
690,897,398,2,SPEAKING
691,902,400,2,SPEAKING
692,907,401,2,SPEAKING
693,912,403,2,SPEAKING
694,916,405,2,SPEAKING
695,921,406,2,SPEAKING
696,925,407,2,SPEAKING
697,930,408,2,SPEAKING
698,934,408,2,NOT_SPEAKING
699,938,407,2,NOT_SPEAKING
700,943,406,2,NOT_SPEAKING
701,947,404,2,NOT_SPEAKING
702,952,402,2,NOT_SPEAKING
703,956,399,2,NOT_SPEAKING
704,960,396,2,NOT_SPEAKING
705,964,393,2,NOT_SPEAKING
706,966,391,2,NOT_SPEAKING
707,968,389,2,SPEAKING
708,970,388,2,SPEAKING
709,971,387,2,SPEAKING
710,971,386,2,SPEAKING
711,971,386,2,SPEAKING
712,971,385,2,SPEAKING
713,970,385,2,SPEAKING
714,969,385,2,SPEAKING
715,968,384,2,SPEAKING
716,968,384,2,SPEAKING
717,967,384,2,SPEAKING
718,966,384,2,SPEAKING
719,965,384,2,SPEAKING
720,964,384,2,SPEAKING
721,963,384,2,SPEAKING
722,963,384,2,SPEAKING
723,962,384,2,SPEAKING
724,961,383,2,SPEAKING
725,961,383,2,SPEAKING
726,960,383,2,SPEAKING
727,960,383,2,SPEAKING
728,960,383,2,SPEAKING
729,960,384,2,NOT_SPEAKING
730,960,384,2,NOT_SPEAKING
731,961,384,2,NOT_SPEAKING
732,961,384,2,NOT_SPEAKING
733,961,384,2,NOT_SPEAKING
734,962,384,2,NOT_SPEAKING
735,962,384,2,NOT_SPEAKING
736,963,384,2,NOT_SPEAKING
737,963,384,2,NOT_SPEAKING
738,963,384,2,NOT_SPEAKING
739,963,383,2,NOT_SPEAKING
740,963,383,2,NOT_SPEAKING
741,964,383,2,NOT_SPEAKING
742,964,383,2,NOT_SPEAKING
743,964,383,2,NOT_SPEAKING
744,964,383,2,NOT_SPEAKING
745,964,382,2,NOT_SPEAKING
746,964,382,2,NOT_SPEAKING
747,963,382,2,NOT_SPEAKING
748,963,381,2,NOT_SPEAKING
749,963,381,2,NOT_SPEAKING
750,963,381,2,NOT_SPEAKING
751,963,380,2,NOT_SPEAKING
752,963,380,2,NOT_SPEAKING
753,963,380,2,NOT_SPEAKING
754,963,380,2,NOT_SPEAKING
755,963,380,2,NOT_SPEAKING
756,963,380,2,NOT_SPEAKING
757,962,380,2,NOT_SPEAKING
758,962,380,2,NOT_SPEAKING
759,962,380,2,NOT_SPEAKING
760,961,380,2,NOT_SPEAKING
761,961,381,2,NOT_SPEAKING
762,961,381,2,NOT_SPEAKING
763,960,381,2,NOT_SPEAKING
764,960,381,2,NOT_SPEAKING
765,960,381,2,NOT_SPEAKING
766,960,381,2,NOT_SPEAKING
767,959,382,2,NOT_SPEAKING
768,959,382,2,NOT_SPEAKING
769,959,382,2,NOT_SPEAKING
770,959,382,2,NOT_SPEAKING
771,958,382,2,NOT_SPEAKING
772,958,382,2,NOT_SPEAKING
773,958,382,2,NOT_SPEAKING
774,957,382,2,NOT_SPEAKING
775,957,382,2,NOT_SPEAKING
776,956,382,2,NOT_SPEAKING
777,956,383,2,NOT_SPEAKING
778,955,383,2,NOT_SPEAKING
779,955,383,2,NOT_SPEAKING
780,954,383,2,NOT_SPEAKING
781,953,383,2,NOT_SPEAKING
782,952,383,2,NOT_SPEAKING
783,952,382,2,NOT_SPEAKING
784,951,382,2,NOT_SPEAKING
785,950,382,2,NOT_SPEAKING
786,949,382,2,NOT_SPEAKING
787,948,382,2,NOT_SPEAKING
788,947,382,2,NOT_SPEAKING
789,947,382,2,NOT_SPEAKING
790,945,382,2,NOT_SPEAKING
791,944,381,2,NOT_SPEAKING
792,943,381,2,NOT_SPEAKING
793,942,381,2,NOT_SPEAKING
794,941,381,2,NOT_SPEAKING
795,940,381,2,NOT_SPEAKING
796,940,382,2,NOT_SPEAKING
797,939,382,2,NOT_SPEAKING
798,938,382,2,NOT_SPEAKING
799,938,382,2,NOT_SPEAKING
800,937,382,2,NOT_SPEAKING
801,937,382,2,NOT_SPEAKING
802,937,383,2,NOT_SPEAKING
803,936,383,2,NOT_SPEAKING
804,936,383,2,NOT_SPEAKING
805,935,383,2,NOT_SPEAKING
806,935,383,2,NOT_SPEAKING
807,934,384,2,NOT_SPEAKING
808,934,383,2,NOT_SPEAKING
809,934,383,2,NOT_SPEAKING
810,933,383,2,NOT_SPEAKING
811,933,383,2,NOT_SPEAKING
812,933,382,2,NOT_SPEAKING
813,932,382,2,NOT_SPEAKING
814,932,382,2,NOT_SPEAKING
815,932,382,2,NOT_SPEAKING
816,932,381,2,NOT_SPEAKING
817,931,381,2,NOT_SPEAKING
818,931,381,2,NOT_SPEAKING
819,931,381,2,NOT_SPEAKING
820,931,381,2,NOT_SPEAKING
821,931,381,2,NOT_SPEAKING
822,932,381,2,NOT_SPEAKING
823,932,381,2,NOT_SPEAKING
824,932,380,2,NOT_SPEAKING
825,932,380,2,NOT_SPEAKING
826,933,380,2,NOT_SPEAKING
827,933,381,2,NOT_SPEAKING
828,934,381,2,NOT_SPEAKING
829,934,381,2,NOT_SPEAKING
830,934,381,2,NOT_SPEAKING
831,934,381,2,NOT_SPEAKING
832,935,381,2,NOT_SPEAKING
833,935,381,2,NOT_SPEAKING
834,935,381,2,NOT_SPEAKING
835,935,381,2,NOT_SPEAKING
836,936,381,2,NOT_SPEAKING
837,936,381,2,NOT_SPEAKING
838,936,381,2,NOT_SPEAKING
839,937,381,2,NOT_SPEAKING
840,937,381,2,NOT_SPEAKING
841,937,381,2,NOT_SPEAKING
842,938,381,2,NOT_SPEAKING
843,938,381,2,NOT_SPEAKING
844,938,381,2,NOT_SPEAKING
845,938,381,2,NOT_SPEAKING
846,938,381,2,NOT_SPEAKING
847,938,381,2,NOT_SPEAKING
848,938,381,2,NOT_SPEAKING
849,938,381,2,NOT_SPEAKING
850,938,381,2,NOT_SPEAKING
851,938,381,2,NOT_SPEAKING
852,938,381,2,NOT_SPEAKING
853,938,381,2,NOT_SPEAKING
854,938,381,2,NOT_SPEAKING
855,938,381,2,NOT_SPEAKING
856,938,381,2,NOT_SPEAKING
857,938,381,2,NOT_SPEAKING
858,938,381,2,NOT_SPEAKING
859,937,381,2,NOT_SPEAKING
860,937,382,2,NOT_SPEAKING
861,937,382,2,NOT_SPEAKING
862,937,382,2,NOT_SPEAKING
863,937,382,2,NOT_SPEAKING
864,937,382,2,NOT_SPEAKING
865,936,382,2,NOT_SPEAKING
866,936,382,2,NOT_SPEAKING
867,936,382,2,NOT_SPEAKING
868,936,382,2,NOT_SPEAKING
869,936,382,2,NOT_SPEAKING
870,936,382,2,NOT_SPEAKING
871,937,382,2,NOT_SPEAKING
872,937,382,2,NOT_SPEAKING
873,937,382,2,NOT_SPEAKING
874,938,382,2,NOT_SPEAKING
875,938,382,2,NOT_SPEAKING
876,938,382,2,NOT_SPEAKING
877,938,382,2,NOT_SPEAKING
878,939,382,2,NOT_SPEAKING
879,939,382,2,NOT_SPEAKING
880,939,382,2,NOT_SPEAKING
881,939,382,2,NOT_SPEAKING
882,939,382,2,NOT_SPEAKING
883,939,382,2,NOT_SPEAKING
884,939,382,2,NOT_SPEAKING
885,939,382,2,NOT_SPEAKING
886,939,382,2,NOT_SPEAKING
887,939,382,2,NOT_SPEAKING
888,939,382,2,NOT_SPEAKING
889,939,382,2,NOT_SPEAKING
890,939,382,2,NOT_SPEAKING
891,939,382,2,NOT_SPEAKING
892,939,382,2,NOT_SPEAKING
893,939,382,2,NOT_SPEAKING
894,939,382,2,NOT_SPEAKING
895,938,382,2,NOT_SPEAKING
896,938,382,2,NOT_SPEAKING
897,938,382,2,NOT_SPEAKING
898,938,382,2,NOT_SPEAKING
899,938,382,2,NOT_SPEAKING
900,938,382,2,NOT_SPEAKING
901,938,382,2,NOT_SPEAKING
902,938,382,2,NOT_SPEAKING
903,938,383,2,NOT_SPEAKING
904,938,383,2,NOT_SPEAKING
905,938,383,2,NOT_SPEAKING
906,938,383,2,NOT_SPEAKING
907,938,383,2,NOT_SPEAKING
908,938,383,2,NOT_SPEAKING
909,938,383,2,NOT_SPEAKING
910,938,383,2,NOT_SPEAKING
911,938,383,2,NOT_SPEAKING
912,938,383,2,NOT_SPEAKING
913,938,383,2,NOT_SPEAKING
914,938,383,2,NOT_SPEAKING
915,938,383,2,NOT_SPEAKING
916,938,383,2,NOT_SPEAKING
917,938,383,2,NOT_SPEAKING
918,938,383,2,NOT_SPEAKING
919,938,382,2,NOT_SPEAKING
920,938,382,2,NOT_SPEAKING
921,938,382,2,NOT_SPEAKING
922,938,382,2,NOT_SPEAKING
923,938,382,2,NOT_SPEAKING
924,938,382,2,NOT_SPEAKING
925,938,382,2,NOT_SPEAKING
926,938,382,2,NOT_SPEAKING
927,938,382,2,NOT_SPEAKING
928,938,382,2,NOT_SPEAKING
929,938,382,2,NOT_SPEAKING
930,938,382,2,NOT_SPEAKING
931,938,382,2,NOT_SPEAKING
932,938,382,2,NOT_SPEAKING
933,938,382,2,NOT_SPEAKING
934,938,382,2,NOT_SPEAKING
935,938,382,2,NOT_SPEAKING
936,938,382,2,NOT_SPEAKING
937,938,382,2,NOT_SPEAKING
938,938,382,2,NOT_SPEAKING
939,938,382,2,NOT_SPEAKING
940,938,382,2,NOT_SPEAKING
941,938,382,2,NOT_SPEAKING
942,938,382,2,NOT_SPEAKING
943,938,382,2,NOT_SPEAKING
944,938,382,2,NOT_SPEAKING
945,938,382,2,NOT_SPEAKING
946,938,382,2,NOT_SPEAKING
947,938,382,2,NOT_SPEAKING
948,937,382,2,NOT_SPEAKING
949,937,382,2,NOT_SPEAKING
950,937,382,2,NOT_SPEAKING
951,937,382,2,NOT_SPEAKING
952,937,382,2,NOT_SPEAKING
953,937,382,2,NOT_SPEAKING
954,937,382,2,NOT_SPEAKING
955,937,382,2,NOT_SPEAKING
956,937,382,2,NOT_SPEAKING
957,937,382,2,NOT_SPEAKING
958,937,382,2,NOT_SPEAKING
959,937,382,2,NOT_SPEAKING
960,937,382,2,NOT_SPEAKING
961,937,383,2,NOT_SPEAKING
962,937,383,2,NOT_SPEAKING
963,937,383,2,NOT_SPEAKING
964,937,383,2,NOT_SPEAKING
965,938,383,2,NOT_SPEAKING
966,938,383,2,NOT_SPEAKING
967,938,383,2,NOT_SPEAKING
968,939,384,2,NOT_SPEAKING
969,939,384,2,NOT_SPEAKING
970,940,385,2,NOT_SPEAKING
971,940,385,2,NOT_SPEAKING
972,941,385,2,NOT_SPEAKING
973,942,386,2,NOT_SPEAKING
974,943,386,2,NOT_SPEAKING
975,944,387,2,NOT_SPEAKING
976,944,387,2,NOT_SPEAKING
977,945,387,2,NOT_SPEAKING
978,946,388,2,NOT_SPEAKING
979,947,388,2,NOT_SPEAKING
980,947,389,2,NOT_SPEAKING
981,948,389,2,NOT_SPEAKING
982,949,390,2,NOT_SPEAKING
983,950,390,2,NOT_SPEAKING
984,950,391,2,NOT_SPEAKING
985,951,391,2,NOT_SPEAKING
986,951,392,2,NOT_SPEAKING
987,952,392,2,NOT_SPEAKING
988,953,393,2,NOT_SPEAKING
989,953,393,2,NOT_SPEAKING
990,954,394,2,NOT_SPEAKING
991,954,394,2,NOT_SPEAKING
992,954,394,2,NOT_SPEAKING
993,953,395,2,NOT_SPEAKING
994,952,395,2,NOT_SPEAKING
995,951,395,2,NOT_SPEAKING
996,950,395,2,NOT_SPEAKING
997,948,395,2,NOT_SPEAKING
998,945,396,2,NOT_SPEAKING
999,942,396,2,NOT_SPEAKING
1000,939,396,2,NOT_SPEAKING
1001,936,397,2,NOT_SPEAKING
1002,933,397,2,NOT_SPEAKING
1003,929,397,2,NOT_SPEAKING
1004,926,397,2,NOT_SPEAKING
1005,923,397,2,NOT_SPEAKING
1006,920,397,2,NOT_SPEAKING
1007,917,396,2,NOT_SPEAKING
1008,915,394,2,NOT_SPEAKING
1009,913,392,2,NOT_SPEAKING
1010,911,390,2,NOT_SPEAKING
1011,909,387,2,NOT_SPEAKING
1012,907,383,2,NOT_SPEAKING
1013,905,379,2,NOT_SPEAKING
1014,903,375,2,NOT_SPEAKING
1015,901,372,2,NOT_SPEAKING
1016,899,368,2,NOT_SPEAKING
1017,897,366,2,NOT_SPEAKING
1018,895,363,2,NOT_SPEAKING
1019,893,361,2,NOT_SPEAKING
1020,891,359,2,NOT_SPEAKING
1021,890,357,2,NOT_SPEAKING
1022,889,355,2,NOT_SPEAKING
1023,888,353,2,NOT_SPEAKING
1024,887,351,2,NOT_SPEAKING
1025,886,349,2,NOT_SPEAKING
1026,886,347,2,NOT_SPEAKING
1027,886,345,2,NOT_SPEAKING
1028,887,343,2,NOT_SPEAKING
1029,887,342,2,NOT_SPEAKING
1030,888,341,2,NOT_SPEAKING
1031,889,340,2,NOT_SPEAKING
1032,890,340,2,NOT_SPEAKING
1033,891,340,2,NOT_SPEAKING
1034,892,340,2,NOT_SPEAKING
1035,893,340,2,NOT_SPEAKING
1036,893,340,2,NOT_SPEAKING
1037,893,340,2,NOT_SPEAKING
1038,893,340,2,NOT_SPEAKING
1039,893,340,2,NOT_SPEAKING
1040,893,340,2,NOT_SPEAKING
1041,893,340,2,NOT_SPEAKING
1042,893,340,2,NOT_SPEAKING
1043,892,341,2,NOT_SPEAKING
1044,892,341,2,NOT_SPEAKING
